-- phpMyAdmin SQL Dump
-- version 4.2.11
-- http://www.phpmyadmin.net
--
-- Хост: 127.0.0.1
-- Время создания: Июл 16 2022 г., 16:07
-- Версия сервера: 5.6.21
-- Версия PHP: 5.5.19

SET SQL_MODE = "NO_AUTO_VALUE_ON_ZERO";
SET time_zone = "+00:00";


/*!40101 SET @OLD_CHARACTER_SET_CLIENT=@@CHARACTER_SET_CLIENT */;
/*!40101 SET @OLD_CHARACTER_SET_RESULTS=@@CHARACTER_SET_RESULTS */;
/*!40101 SET @OLD_COLLATION_CONNECTION=@@COLLATION_CONNECTION */;
/*!40101 SET NAMES utf8 */;

--
-- База данных: `gdpys`
--

-- --------------------------------------------------------

--
-- Структура таблицы `accounts`
--

CREATE TABLE IF NOT EXISTS `accounts` (
`ID` int(11) NOT NULL,
  `username` varchar(24) NOT NULL,
  `password` text NOT NULL,
  `email` text NOT NULL,
  `udid` text,
  `sid` text,
  `stars` int(11) NOT NULL DEFAULT '0',
  `diamonds` int(11) NOT NULL DEFAULT '0',
  `demons` int(11) NOT NULL DEFAULT '0',
  `secret_coins` int(11) NOT NULL DEFAULT '0',
  `user_coins` int(11) NOT NULL DEFAULT '0',
  `icon` int(11) NOT NULL DEFAULT '0',
  `colors` text,
  `icon_type` int(11) NOT NULL DEFAULT '0',
  `cube` int(11) NOT NULL DEFAULT '0',
  `ship` int(11) NOT NULL DEFAULT '0',
  `ball` int(11) NOT NULL DEFAULT '0',
  `ufo` int(11) NOT NULL DEFAULT '0',
  `wave` int(11) NOT NULL DEFAULT '0',
  `robot` int(11) NOT NULL DEFAULT '0',
  `spider` int(11) NOT NULL DEFAULT '0',
  `glow` int(11) NOT NULL DEFAULT '0',
  `explosion` int(11) NOT NULL DEFAULT '0',
  `banned` tinyint(1) NOT NULL DEFAULT '0',
  `creator_points` int(11) NOT NULL DEFAULT '0',
  `youtube` text,
  `twitch` text,
  `twitter` text,
  `saves` longblob,
  `messages_state` int(11) NOT NULL DEFAULT '0',
  `friends_state` int(11) NOT NULL DEFAULT '0',
  `mod_level` int(11) NOT NULL DEFAULT '0',
  `special` int(11) NOT NULL DEFAULT '0',
  `status` text,
  `comment_color` varchar(12) NOT NULL DEFAULT '255,255,255',
  `telegram_id` varchar(24) DEFAULT NULL,
  `sub_push_rates` int(11) NOT NULL DEFAULT '0',
  `temp_telegram_id` int(11) DEFAULT NULL
) ENGINE=InnoDB AUTO_INCREMENT=202 DEFAULT CHARSET=latin1;

--
-- Дамп данных таблицы `accounts`
--

INSERT INTO `accounts` (`ID`, `username`, `password`, `email`, `udid`, `sid`, `stars`, `diamonds`, `demons`, `secret_coins`, `user_coins`, `icon`, `colors`, `icon_type`, `cube`, `ship`, `ball`, `ufo`, `wave`, `robot`, `spider`, `glow`, `explosion`, `banned`, `creator_points`, `youtube`, `twitch`, `twitter`, `saves`, `messages_state`, `friends_state`, `mod_level`, `special`, `status`, `comment_color`, `telegram_id`, `sub_push_rates`, `temp_telegram_id`) VALUES
(71, 'Relative', '11aec0a4bf94bfe51295d55fc9e87bfb', 'kezin636@gmail.com', 'S15212482342656127154280219693508291000', 'NotSteam', 0, 590, 0, 0, 0, 1, '3,0', 2, 4, 1, 1, 1, 1, 1, 1, 0, 1, 0, 12, NULL, NULL, NULL, 0x4834734941414141414141414339316362575f624f424c2d4b30595f48784b52314a754262425a746e6561754c39753970747637614367796e6169574a5a386b35354a5f6635496f6b744c4d57465a33317930616f476a7468324e702d4d774c5a7953794637382d6274505a67797a4b4a4d392d6563484f6e42655f586c37733071537368756a73376d76395f5a6358765035386562464b34757279596e5035454b56372d55374b6e5377757a6a6331336f4233443076486358674c6c4a6673347279304b4b4e5137704e6f514b4b695135302d4b6b4a4b3168556b366c4b6f3533516f48386a4f4f3951666f4b532d676b5964536c38327032515a7153386a35795a49576536524d345a58534a626f6f72477a5a4135707370436167424f514b476b6378365651546c49516b446f776b6c6f504f6c504d6c6f78304d4559366f7a3866364858654f75382d535f4e3438775836396579387663472d72504c74783975764d71345764516a3078323776767554706669746272476a75564452777558346b3856306150636e696a38575f467030534e387a6a6a4c736846793733505a5f7867486b754478334f357635636545374935367a6d737075412d766c765558666438764c542d382d446f54394b575854585468716654757a516d304c5f4c4c6c735f4b413364484f6637505449594f42566c4b623051464b73794946465646546b774b66384e716448626e624a71694d634472334f30317950694f4750716b4a4747316f4647565833562d75316a4f483943726e4c69307175587362336958795157356c565a532d4279587772712d4c704c4972767a364b716b7474645a5449584e7a37556c5f7136332d35736367736f6b62532d5563726d7435325135783457637251514d775966534d56356b7056576f78455a345f676a4d6a706f5f634d694f6f4b3977794936383544545569493669735668455a31572d474752384c6a495f4b6749512d6b6569364255676b5651587345694b45396a45625167595247553137454979704659424b326f574151744e6c67454a57346b776c455737347555565652593736553955386e774d626454496d4c4d703553494f325a714a65496446786d6c56346d4d3071744552756c564971503074694a346f556170614e5178795f33744e716e475534784f65337730724e76317347644b4f73736f71534f7053416d4a306242554d7150686f7655656870316132365f6666316832797262666578383372365f656457754532363052477759576a553158705f5952765868587370443537454f30796d525a646e70744169534f4c736e514a5830584c484f62726a5374456338496d547735583837445a663233367a525f677a3873434a705f416d476748687438327577356d6a324873333856785a765a78327a327561675f484a78382d463359384e7944624369696c41416b5130776a517941794243546a397a794e696a745a4e3143514351365a34445f4b4c5f7038514362636155793469416b584d72456f6e6d5966393864704543656c51546b5f53594d616f7150446d30614468326a776348535563765a795857654957664d5230694567486536506f6b5035413032485034304f48394868517a706552316b3165792d723258562d6c41727652314852397739495254434e6967425245554171337459726464507644466c774951762d53566b5953524e7169453454345451575173524343466e346e47786c76584c576e56694767674e78455a7955437962346b5752426b7a4766527359636b5446483066455570784956454969473844753768506b3835684a64575871386e6e494d676d6f4359647a454c684f65466770734c5748454c47545746342d356e6d73634a54516c74366c4f4e364579574b5765334779366a695a524975706e41635059334d475972516b64614d76487569726351564e36304a547a372d3352706744717875677378365957783052316a4d726a312d6d2d4c73754c39543544355348696f38666a4b516a68496f4345394167596365364a35544c4439544a444266506e65356e587856472d6e6c3039794f4b70716c506633584669546c733464385430796d4e4c544f637033542d496d6f6e464d3850564d77366171315447565a46766f327a3263765567733270663448794975546c744b5530346a664553396545514e524f726157614c506d2d516d674a63586676344e7a624d626b7369355f694972744f57334951725758344f384e586b5f6d446f4652324645797478686b74784848696464363265736d69625042353371395057346731504e523244636b4e527033697134365f72344a466654617a48475337494d536e5f6c495f52585a374e337552466a436f777a4d6c7069334c42676d62654a7658555474547a6c5a7164357473685669615735677a58356a67527655716a73707239587553784c45736950364f616a4a323254753838777842542d34636c78764e39774e53416c346e464f724e6c35565f49517454694e75504863394a70535f7647722d70414d342d48576a6379644c6e6362524f544341356e4a54374953684e4c666d624b7535466131374e42706d7664304e61765273713278795a52697441567469347770613535743353773076574d70716251745a4370637a3343336968517274586a3179534f30746b6933795a5a564f58486d3170323268616d4d57686a58704e626d77697839673438337951544856543952364d544f786e755f496d4151512d49466a4a614e532d64356570346b4a79325734444a747732616d6b6b464e425132534a6439472d36736f356b774566307734524f374345353045576964656c4d6e456c6d736f764c2d36434c465f2d596d517275464d33552d72535363455a7a51545f6e57514f5f736d634942305173394577346d746a784b38706c794d4c4733555a4c506c494f4a7a596d53664b5963544f78466c4f517a355742693536456b6e796b484537734d4a666c4d4f5a6a5946696a4a35386e42314e634153764c356364446261394b72457237317466704975306938476347644951743857775362787041487878704462764b54615177745a42704443326b3756624b735a71596230507570374b375544644c656479426958384d67733472445a6d576d516263304f49675968736754554b62624c7134706f58754162333737322d66486e38395f526f623441595a63354838305a395f3672746a3476706a672d7862424d75627067784368734938677a4276423842386850785951662d616459486639714b695364664c6d3439565f6676735a7a53364f6d54316767746c4d51435254315f546a665866343172666c49366d5149586367557148446649386a34334e784e42554b5a48674c32565349646f4446685979714a4d392d527075374232772d5a6c786862477558506c3045714a2d336941385258537a315a446843424549386442313835563747575354724e5479443032434d7744694277534d7444515950744453595232412d676347444d2d396c42745772496168644455486c61676a71566b4e51745a586335746c796e61525664374a69654e796c5a5452454841387463374e737a336c5a547256323759364d396a5a614f584d36416d3537683574324956316d6537554749453977355f51636a445049496f4d634d736767675f795a6e66686972724d4467346f79614651474e5456373641304164655651567735313552787073732d535f2d356c48566c4c4e7143694d2d544e4d73363375315257636d554e6c6546445863304f636f7a477935432d7141436534494c767651636775796a65474e3230316930494e3547336f4b42417a626258427a586a6668384d4b464250497569446d76327744786f4768716857667a35417a5a5a385a7a41726834595a44615039377770476a715f6767495a4447715956464c5343676c5a51304659536c4557455337457650497054637935796941626b64554d5368616377573952314b474f376a4c716279306c556b4b684c2d5944726b547251316e4e7036376d3039567a6165683574505938306b77665077536a554a575868555332462d68543148686c6d48686c6e48686c6f50686c6f506d6b6d6e3150552d344a45585a496533364e685943695433346131773032585675783344684e67434c374470624c5f2d4d4d6b44764f657a435a6542796a436f43594d71734c6772546c4d786e72546e705867455044675436414551784c6f4c6e444b664844624434756d416a742d7a6b595f44495a50627378757076736b5465567142697549547a4c4f6b3352515a746a6555536c665844706e7a5950577768594b5a6f4e4231385a337263734576515a646a6e6b73395a544a346b35575354793779704b37625153555845545a325f772d796b715a4155315a36444f674c48504f47676f4832764951564e55647262776246376f7475483737636d6c503232756e5636674f4d7474354b427732397539653953796d724b696767584f55395f6e5f62764c73376b4e55624753687a7374325f5547634a733337362d756f694f346b4d584331537172755f473433634a766e31583558616b5630333347625a464878394558397a774e367172726c4b47535a705f764b6a6d6972565f4c78335f736f5461716e67532d64715f2d6d344c7a39377777755f7739636a6b4e7a3630414141413d3d3b483473494141414141414141432d336161322d6957426748384b38796d646531355679344a523033674b416f69486a4234687343586846465255546b30363958576d5853745a75326d783174303754507677676350507a7949447a5f4655386e50364a2d7348526e5f712d66344a48342d56662d655435786c2d46352d6d4d343374615f66734c74335f6e6e6e74734e38383965586c4655697744505439343232745757752d534359462d485035353269576352725f5f32424c477972397738666e357939784534426d77614d4d63456e684a455853594d655578416d6d53586f552d62676952696944512d7248365a685f69423372356f65556a5a7335304737476e3952507043476d517a6c73686d384c6a2d62744333772d33784f323043485f4d535873726338557567327670615277575a6979554a795a4d42567375745671346a367a574763387243614770786964316156435a794e496a6367725f5a6144576a7853395a5765357562467644525935764b4f70414671535731467278576a453068466e514e637539576450323137566368625658626d524f2d596f356a524f5468644f65673174564e6366576e626c43454231626135716571447331695250614e72624a54627452685548424435312d32325a47464e397a364c47786d756c4675655a4b5272504d6437316c49516f395065434461547370395a6e42556f5f6932716a71696d74684f367866707a4754787a48586c65597051723839446b6c4e56326b546867566e2d3773497132456a55525562386b4e2d336f3757625648664c665572585339413532385850695f4a73784b4379366b42714d7a304f6232525a4a716759304b6645764b3044456f5877716535696b344a52522d4852316a662d4830364c764a6871454565414f59527775324167304d4f6a7a6c4a705245364c5a6f6d354f57354b564f763579357847746478572d43696868633175716a7852553165314e524654565f557a45584e587535505a67637639784363372d4a54375f437a4d2d6f4e5965385a7857534d41686d6a384763617457666c7934537967394164754a496d747176764932553049466b53564335654e73702d6e55444f4e467134504466524f635649346734495362322d42536c682d3547304349314e7062614b3961474236744430713348563131794f77334c4c4a345a4e67704b70716c5f65394f62316b6b4a6771314e475171346553464864637132535070744f58647952795f336330746f6770524e375a41676e5a562d325973386a79444161785571544741684a346d6e396c52544c61326c7063754a637278543754484e5a55676c703369333359305337413750484b6455633841334f4b7767316f5451557a52626d5a6b584a627356466f6a49587032335347773239575656326a4d547346417636704e4f4331656163574c58566c344a625953526a324167746835435252497249644b6c4658796776684957356f71327167614e675151584e31614b6d6a4632732d414e744d3953382d72787475432d6833324c48764f72693858616a73303263594674785a704f6f41367a4e456b5831706953744772774e614f444d713379755068425a5637457247324d7a4a5f72715944774e6f673164743170524f636c5671695a3277416f626643474a4c623465716157693339594d555a662d4e625a4a63564d4e64416755645230474a6954474b75384e2d62483951674e785f5633596774635a6e37594257594370564e765447555544424f42564c6b50794e7a426a386a2d5547594a48466d47636b5a6c394a43464634517a5078434e7a423971433177464e5a34444747614370547757616563415035414f4e76704470734c397478696d577652743953305a7236334473374a784762357775636b56392d383373322d4676384a6e4e2d457854475a5f4a6a4d5f6754765074304979756f356e4b304a7939766b656653544d6b48706976374a37334c4a4e336c4738533555507a584e41496669533334394270635f77306d764f633862557776364d775f704443667a533575794e3630676c6670784f2d517166506252795f394d702d62784f2d3233524c4e7530763675485270546831535843706f59636233394d7751695a4446575979564b45505558567647502d77687047386a6d543042354b4d37695466454d6b784b7131316a314f3559574574513246704c6e686159562d634a6c4f5371434652616f7849667a437077335544794d33356f4b65746c563672554f384a42506432652d397a5f5937504d4f4d7a79764b635f627756336a472d48597a666a504d396a474547342d796472302d39657638476a4f48484d4c614c436c774d4f643767424442676f4e48706531783938347178556874646a54465f4c63625448636257324733374d307045534f327971704930683471353573714e6f53697a474857317a6b7870594545615230693031685433516f64426263484c5256455471685f475750746e6a46636678486a5169626359773845484d413765596878734d56354173396c3145706162396e555047693165662d316e5039676a67324f506e4b51397368515878353738545430797a686f4d4d67616e4358302d2d584536305348617a6d76714b7171703331464e33616e2d6e31464e5830633175494c71543332513675757054735f7159395972476b6e767a523371657a6439413933304737794a33643077783379394b36595a38373637626e345434446638615157364b58555038753466636f586e375f545434516e59705f325473766d5f41536c6b37336c474b774141, 0, 0, 2, 0, 'Owner', '0,255,238', '631187906', 1, NULL),
(201, 'test', 'd316a172dfa790ab4f3f12e7008361b5', 'kezinrezin@gmail.com', 'S15212482342656127154280219693508291000', 'NotSteam', 0, 610, 0, 0, 0, 1, '0,3', 0, 1, 1, 1, 1, 1, 1, 1, 0, 1, 0, 0, '', '', '', NULL, 1, 1, 1, 0, NULL, '255,255,255', NULL, 0, NULL);

-- --------------------------------------------------------

--
-- Структура таблицы `account_comments`
--

CREATE TABLE IF NOT EXISTS `account_comments` (
`ID` int(11) NOT NULL,
  `userID` int(11) NOT NULL,
  `text` text NOT NULL,
  `likes` int(11) NOT NULL,
  `timestamp` int(11) NOT NULL,
  `spam` tinyint(1) NOT NULL
) ENGINE=InnoDB AUTO_INCREMENT=7 DEFAULT CHARSET=latin1;

--
-- Дамп данных таблицы `account_comments`
--

INSERT INTO `account_comments` (`ID`, `userID`, `text`, `likes`, `timestamp`, `spam`) VALUES
(4, 71, 'hello world!', 0, 1655111394, 0),
(5, 71, '4opul Xycoc', 0, 1655835996, 0),
(6, 71, 'ejnfwef', 0, 1656084721, 0);

-- --------------------------------------------------------

--
-- Структура таблицы `actions`
--

CREATE TABLE IF NOT EXISTS `actions` (
`ID` int(11) NOT NULL,
  `item` int(11) NOT NULL,
  `invoker` int(11) NOT NULL,
  `item_type` int(11) NOT NULL
) ENGINE=InnoDB AUTO_INCREMENT=4 DEFAULT CHARSET=latin1;

--
-- Дамп данных таблицы `actions`
--

INSERT INTO `actions` (`ID`, `item`, `invoker`, `item_type`) VALUES
(1, 7, 2, 3),
(2, 14, 2, 1),
(3, 17, 71, 1);

-- --------------------------------------------------------

--
-- Структура таблицы `activity`
--

CREATE TABLE IF NOT EXISTS `activity` (
`ID` int(11) NOT NULL,
  `timestamp` int(11) NOT NULL
) ENGINE=InnoDB AUTO_INCREMENT=4 DEFAULT CHARSET=latin1;

--
-- Дамп данных таблицы `activity`
--

INSERT INTO `activity` (`ID`, `timestamp`) VALUES
(1, 1656173070),
(2, 1656173120),
(3, 1656173123);

-- --------------------------------------------------------

--
-- Структура таблицы `comments`
--

CREATE TABLE IF NOT EXISTS `comments` (
`ID` int(11) NOT NULL,
  `author_account_id` int(11) NOT NULL,
  `text` text NOT NULL,
  `level_id` int(11) NOT NULL,
  `timestamp` int(11) NOT NULL,
  `likes` int(11) NOT NULL DEFAULT '0',
  `percent` int(11) NOT NULL DEFAULT '0',
  `is_spam` int(11) NOT NULL DEFAULT '0'
) ENGINE=InnoDB AUTO_INCREMENT=14 DEFAULT CHARSET=latin1;

--
-- Дамп данных таблицы `comments`
--

INSERT INTO `comments` (`ID`, `author_account_id`, `text`, `level_id`, `timestamp`, `likes`, `percent`, `is_spam`) VALUES
(9, 71, 'help', 17, 1655898999, 0, 0, 0),
(10, 71, 'ayyo', 13, 1655900286, 0, 0, 0),
(11, 71, 'my level is great', 16, 1655901575, 0, 0, 0),
(12, 71, 'another...', 16, 1655903347, 0, 0, 0),
(13, 71, 'owo', 17, 1656062297, 0, 0, 0);

-- --------------------------------------------------------

--
-- Структура таблицы `daily_line`
--

CREATE TABLE IF NOT EXISTS `daily_line` (
`ID` int(11) NOT NULL,
  `level_id` int(11) NOT NULL,
  `timestamp` int(11) NOT NULL
) ENGINE=InnoDB AUTO_INCREMENT=5 DEFAULT CHARSET=latin1;

--
-- Дамп данных таблицы `daily_line`
--

INSERT INTO `daily_line` (`ID`, `level_id`, `timestamp`) VALUES
(2, 17, 1655895908),
(3, 16, 1655903460),
(4, 16, 1656164499);

-- --------------------------------------------------------

--
-- Структура таблицы `levels`
--

CREATE TABLE IF NOT EXISTS `levels` (
`ID` int(11) NOT NULL,
  `name` text NOT NULL,
  `description` text,
  `level_version` int(11) NOT NULL DEFAULT '1',
  `level_length` int(11) NOT NULL,
  `audio_track` int(11) NOT NULL DEFAULT '0',
  `password` int(11) NOT NULL DEFAULT '0',
  `original` int(11) NOT NULL DEFAULT '0',
  `song_id` int(11) NOT NULL DEFAULT '0',
  `objects` int(11) NOT NULL,
  `coins` int(11) NOT NULL,
  `requested_stars` int(11) NOT NULL,
  `extra_string` text NOT NULL,
  `level_string` longblob NOT NULL,
  `level_info` int(11) NOT NULL DEFAULT '0',
  `downloads` int(11) NOT NULL DEFAULT '0',
  `likes` int(11) NOT NULL DEFAULT '0',
  `unlisted` int(11) NOT NULL DEFAULT '0',
  `ldm` int(11) NOT NULL DEFAULT '0',
  `author_account_id` int(11) NOT NULL,
  `uploaded_timestamp` int(11) NOT NULL,
  `updated_timestamp` int(11) NOT NULL,
  `auto` int(11) NOT NULL DEFAULT '0',
  `is_demon` int(11) NOT NULL DEFAULT '0',
  `is_auto` int(11) NOT NULL DEFAULT '0',
  `stars` int(11) NOT NULL DEFAULT '0',
  `coins_verified` int(11) NOT NULL DEFAULT '0',
  `is_featured` int(11) NOT NULL DEFAULT '0',
  `is_epic` int(11) NOT NULL DEFAULT '0',
  `is_hall` int(11) NOT NULL DEFAULT '0',
  `demon_difficulty` int(11) NOT NULL DEFAULT '0',
  `star_difficulty` int(11) NOT NULL DEFAULT '0',
  `seed2` text NOT NULL
) ENGINE=InnoDB AUTO_INCREMENT=18 DEFAULT CHARSET=latin1;

--
-- Дамп данных таблицы `levels`
--

INSERT INTO `levels` (`ID`, `name`, `description`, `level_version`, `level_length`, `audio_track`, `password`, `original`, `song_id`, `objects`, `coins`, `requested_stars`, `extra_string`, `level_string`, `level_info`, `downloads`, `likes`, `unlisted`, `ldm`, `author_account_id`, `uploaded_timestamp`, `updated_timestamp`, `auto`, `is_demon`, `is_auto`, `stars`, `coins_verified`, `is_featured`, `is_epic`, `is_hall`, `demon_difficulty`, `star_difficulty`, `seed2`) VALUES
(16, 'creation 2', '', 1, 0, 0, 0, 0, 0, 0, 0, 0, '', 0x4834734941414141414141414336575177513344494178464633496c66344d4a55552d5a4951503841624a43686d5f417a6155714b6c4976667669446e79794f5056554273394949637961614f34474142534c4d6649434655465575424f477456436f7263594a646f54616e77502d4b3961756976596d424b596d787a5939326d646234554e4d2d395262704c30305a614f54596b4551625046414357613461357957534e3272446e7462655761386836426462376a56756f51474950694656544a42636b734476746b517242726d577a486538667351767850684e694577434141413d, 0, 8, 0, 0, 0, 201, 1655835226, 1655835226, 0, 0, 0, 2, 0, 1, 0, 0, 0, 10, 'BVcDAlINAQpWVQYFBFRSUQAFUQBVUAsFBVYAVFUDUVICB1ABUwMCBw=='),
(17, 'test 5', '', 1, 0, 0, 0, 0, 1, 0, 0, 0, '', 0x48347349414141414141414143365653323548434d417873534a6e523033626d76716942416c51414c567a785a31743551524949637a39657646717456794b507578516756335232596e4e784e6e4f6941413449556e306754303649364e6e4a79647052484c30345f5a4a33432d52724676525f695f48516f6d6d69345a494a652d735f79334c5a786b3574326c4a6e495f786b6b3035747668784c543066437a7a6b4f657546784977467359414570514b4765385473484d304670634a6578333769665964414c4e2d316e56416b44435043486745595534416f474661557847304b70456d57356b68676b6f4e4962567a595a4744516c5a55324e54703075574d5844694b3846566753745f62304933463545335969367165434a7143715975375f4e56347672713672547571504c6a69344c6e664f79674f6b527057566958746e55396a424d69346a5955346f79787a34614c626f6c765a315f79733376525446467553426131373162704e422d52664539694c614b7956797030654d666a6d72767937525f55764a7a2d4b4e5934623175345642447a785f4252764d48476e574f564551464141413d, 0, 2, 1, 0, 0, 71, 1655835973, 1655835973, 0, 0, 0, 0, 0, 0, 0, 0, 0, 20, 'VlAHDgAEA1AADAFXAQEGVQcED1cHBAJVAgwCUAJWAgZWDlFRBQRRBw==');

-- --------------------------------------------------------

--
-- Структура таблицы `messages`
--

CREATE TABLE IF NOT EXISTS `messages` (
`ID` int(11) NOT NULL,
  `author_account_id` int(11) NOT NULL,
  `subject` text NOT NULL,
  `body` text NOT NULL,
  `to_account_id` int(11) NOT NULL,
  `timestamp` int(11) NOT NULL
) ENGINE=InnoDB AUTO_INCREMENT=3 DEFAULT CHARSET=latin1;

--
-- Дамп данных таблицы `messages`
--

INSERT INTO `messages` (`ID`, `author_account_id`, `subject`, `body`, `to_account_id`, `timestamp`) VALUES
(1, 71, 'aGk=', 'RVFBQQ==', 201, 1655963607),
(2, 201, 'UmU6IGhp', 'WVFeWV4=', 71, 1655966648);

-- --------------------------------------------------------

--
-- Структура таблицы `relationships`
--

CREATE TABLE IF NOT EXISTS `relationships` (
`ID` int(11) NOT NULL,
  `person1` int(11) NOT NULL,
  `person2` int(11) NOT NULL,
  `friend_state` int(11) NOT NULL,
  `blocked` int(11) NOT NULL,
  `comment` text NOT NULL,
  `timestamp` int(11) NOT NULL
) ENGINE=InnoDB AUTO_INCREMENT=3 DEFAULT CHARSET=latin1;

--
-- Дамп данных таблицы `relationships`
--

INSERT INTO `relationships` (`ID`, `person1`, `person2`, `friend_state`, `blocked`, `comment`, `timestamp`) VALUES
(2, 201, 71, 1, 0, '', 1655937814);

-- --------------------------------------------------------

--
-- Структура таблицы `songs`
--

CREATE TABLE IF NOT EXISTS `songs` (
`ID` int(11) NOT NULL,
  `name` text NOT NULL,
  `url` text NOT NULL,
  `banned` int(11) NOT NULL DEFAULT '0',
  `size` float NOT NULL DEFAULT '0',
  `author` text NOT NULL,
  `hash` varchar(60) DEFAULT NULL
) ENGINE=InnoDB AUTO_INCREMENT=713131 DEFAULT CHARSET=latin1;

--
-- Дамп данных таблицы `songs`
--

INSERT INTO `songs` (`ID`, `name`, `url`, `banned`, `size`, `author`, `hash`) VALUES
(1, 'Chilled 1', 'http://audio.ngfiles.com/0/1_newgrounds_consin.mp3', 0, 0.07, 'Recoil', NULL),
(676349, 'Ghost House', 'http://audio.ngfiles.com/676000/676349_Ghost-House.mp3', 0, 8.14, 'Schtiffles', NULL),
(713127, 'Synergetic Enigma', 'http://audio.ngfiles.com/713000/713127_Synergetic-Enigma.mp3', 0, 10.21, 'DanJohansen', NULL),
(713129, 'menuLoop', 'http://rltgdps.tk/music/713129', 0, 4476780, 'Relative', NULL),
(713130, 'menuLoop', 'http://rltgdps.tk/music/713130.mp3', 0, 4476780, 'Relative', NULL);

-- --------------------------------------------------------

--
-- Структура таблицы `transactions`
--

CREATE TABLE IF NOT EXISTS `transactions` (
`ID` int(11) NOT NULL,
  `account_from` int(11) NOT NULL,
  `account_to` int(11) NOT NULL,
  `amount` int(11) NOT NULL,
  `timestamp` int(11) NOT NULL
) ENGINE=InnoDB AUTO_INCREMENT=3 DEFAULT CHARSET=latin1;

--
-- Дамп данных таблицы `transactions`
--

INSERT INTO `transactions` (`ID`, `account_from`, `account_to`, `amount`, `timestamp`) VALUES
(1, 71, 201, 100, 1656227605),
(2, 71, 201, 10, 1656227752);

--
-- Индексы сохранённых таблиц
--

--
-- Индексы таблицы `accounts`
--
ALTER TABLE `accounts`
 ADD PRIMARY KEY (`ID`);

--
-- Индексы таблицы `account_comments`
--
ALTER TABLE `account_comments`
 ADD PRIMARY KEY (`ID`);

--
-- Индексы таблицы `actions`
--
ALTER TABLE `actions`
 ADD PRIMARY KEY (`ID`);

--
-- Индексы таблицы `activity`
--
ALTER TABLE `activity`
 ADD PRIMARY KEY (`ID`);

--
-- Индексы таблицы `comments`
--
ALTER TABLE `comments`
 ADD PRIMARY KEY (`ID`);

--
-- Индексы таблицы `daily_line`
--
ALTER TABLE `daily_line`
 ADD PRIMARY KEY (`ID`);

--
-- Индексы таблицы `levels`
--
ALTER TABLE `levels`
 ADD PRIMARY KEY (`ID`);

--
-- Индексы таблицы `messages`
--
ALTER TABLE `messages`
 ADD PRIMARY KEY (`ID`);

--
-- Индексы таблицы `relationships`
--
ALTER TABLE `relationships`
 ADD PRIMARY KEY (`ID`), ADD KEY `ID` (`ID`);

--
-- Индексы таблицы `songs`
--
ALTER TABLE `songs`
 ADD PRIMARY KEY (`ID`);

--
-- Индексы таблицы `transactions`
--
ALTER TABLE `transactions`
 ADD PRIMARY KEY (`ID`);

--
-- AUTO_INCREMENT для сохранённых таблиц
--

--
-- AUTO_INCREMENT для таблицы `accounts`
--
ALTER TABLE `accounts`
MODIFY `ID` int(11) NOT NULL AUTO_INCREMENT,AUTO_INCREMENT=202;
--
-- AUTO_INCREMENT для таблицы `account_comments`
--
ALTER TABLE `account_comments`
MODIFY `ID` int(11) NOT NULL AUTO_INCREMENT,AUTO_INCREMENT=7;
--
-- AUTO_INCREMENT для таблицы `actions`
--
ALTER TABLE `actions`
MODIFY `ID` int(11) NOT NULL AUTO_INCREMENT,AUTO_INCREMENT=4;
--
-- AUTO_INCREMENT для таблицы `activity`
--
ALTER TABLE `activity`
MODIFY `ID` int(11) NOT NULL AUTO_INCREMENT,AUTO_INCREMENT=4;
--
-- AUTO_INCREMENT для таблицы `comments`
--
ALTER TABLE `comments`
MODIFY `ID` int(11) NOT NULL AUTO_INCREMENT,AUTO_INCREMENT=14;
--
-- AUTO_INCREMENT для таблицы `daily_line`
--
ALTER TABLE `daily_line`
MODIFY `ID` int(11) NOT NULL AUTO_INCREMENT,AUTO_INCREMENT=5;
--
-- AUTO_INCREMENT для таблицы `levels`
--
ALTER TABLE `levels`
MODIFY `ID` int(11) NOT NULL AUTO_INCREMENT,AUTO_INCREMENT=18;
--
-- AUTO_INCREMENT для таблицы `messages`
--
ALTER TABLE `messages`
MODIFY `ID` int(11) NOT NULL AUTO_INCREMENT,AUTO_INCREMENT=3;
--
-- AUTO_INCREMENT для таблицы `relationships`
--
ALTER TABLE `relationships`
MODIFY `ID` int(11) NOT NULL AUTO_INCREMENT,AUTO_INCREMENT=3;
--
-- AUTO_INCREMENT для таблицы `songs`
--
ALTER TABLE `songs`
MODIFY `ID` int(11) NOT NULL AUTO_INCREMENT,AUTO_INCREMENT=713131;
--
-- AUTO_INCREMENT для таблицы `transactions`
--
ALTER TABLE `transactions`
MODIFY `ID` int(11) NOT NULL AUTO_INCREMENT,AUTO_INCREMENT=3;
/*!40101 SET CHARACTER_SET_CLIENT=@OLD_CHARACTER_SET_CLIENT */;
/*!40101 SET CHARACTER_SET_RESULTS=@OLD_CHARACTER_SET_RESULTS */;
/*!40101 SET COLLATION_CONNECTION=@OLD_COLLATION_CONNECTION */;
